id,title,company,location,lat,lon,office,job_type,salary,time_recorded,url
fc81cdfe57348569,Data Scientist,Argo Data,"Richardson, TX 75081",45.5152,122.6784,in_person,Full-time,"$80,696 - $150,547 a year",7/10/2023 15:09,https://www.indeed.com/company/Argo-Data/jobs/Data-Scientist-fc81cdfe57348569?fccid=6764c8c3b65d2636&vjs=3
969e54404d4ecc45,Data Scientist,Technocore360,"Orlando, FL 32801 
(Central Business District area)",45.5152,122.6784,in_person,Contract,$80 an hour,7/10/2023 15:09,https://www.indeed.com/company/Technocore360/jobs/Data-Scientist-969e54404d4ecc45?fccid=3cedb9a5e8abcf11&vjs=3
3510d68ef1c6f67a,Data Scientist,Intellipro Group Inc,"Clark, NJ 07066",45.5152,122.6784,in_person,"Full-time
+1",$24 an hour,7/10/2023 15:09,https://www.indeed.com/company/Intellipro-Technologies-Canada-Inc./jobs/Data-Scientist-3510d68ef1c6f67a?fccid=8dcd5ab779955daa&vjs=3
38eb06c87fd0b6a9,Senior Data Analyst,Edge Building Solutions,"Alpharetta, GA 30005",45.5152,122.6784,in_person,Full-time,"From $105,000 a year",7/10/2023 15:10,https://www.indeed.com/pagead/clk?mo=r&ad=-6NYlbfkN0BxLjDOxeWpL9-j_fHKfXasXTEmGhkuepghIss8x4bLVga-TDLJfPYHxCbwUrqIrbRw0cMY5iVfNIKq-L5nZRuSW5b8GpjpDalaunJJJMg2kz6Y-c6sJqYFqhaw0IdBJO4PhJ0MnoS4CIkBiV3SkSuwyJkMbTi2qLXOorLM6L_sXYdUZqkRxEDahp5vNYfH67jGO18yLGuCrw6TH2DWCnKKgnyJivV-W1-zdpc4cNIrutosDkygqRFBxbnW-XzYqW871Iirp0qXE2kk-NyxjOlU8vBw0C20kW07zbbCjJ_v8TfQAqYAgirsGxDWuu_oX5Ks0zJzMPhkepx4Cr3-v4Rfd8qBtAw1-2AfZfUomcXOOix7MoszK6E75vshjYQdCSg8h3OjN-yyCZVeiwJW0AbiP7nMW8CQgKyKMB6etUsdWjQcI3Ur7sCN2W9byQ14SxSD-hJ94thCru7JqXwwxXXW9u9P_ixiBQPGSv0xJZHD2X5xoiPfcsZxKRYDjwpQZl6OI3RKxOhNt34tTMUo-HgQamDZro2XEP6jb0skjq9_Ow==&xkcb=SoBe-_M3NgzbZEzA4R0NbzkdCdPP&p=6&fvj=1&vjs=3
08ac6c0c01a7c56a,Sr. Data Analyst,BioCare,"Tempe, AZ",45.5152,122.6784,in_person,Full-time,"$100,000 - $130,000 a year",7/10/2023 15:10,https://www.indeed.com/company/BioCare/jobs/Senior-Data-Analyst-08ac6c0c01a7c56a?fccid=71b2a7eacc0e3a8d&vjs=3
b7ea07fbb6e50f88,Marketing Data Scientist,Incubeta,"Baltimore, MD",45.5152,122.6784,in_person,Full-time,Estimated $122K - $154K a year,7/10/2023 15:10,https://www.indeed.com/rc/clk?jk=b7ea07fbb6e50f88&fccid=9c71dbbe3501a6ae&vjs=3
44ccfd5cdeb0789d,Senior Data Analyst,Flexport,"Bellevue, WA",45.5152,122.6784,in_person,Full-time,Estimated $124K - $157K a year,7/10/2023 15:10,https://www.indeed.com/rc/clk?jk=44ccfd5cdeb0789d&fccid=ed6e804e3c0d17bc&vjs=3
90dd82a84480e2fc,Data Scientist IV,H. Lee Moffitt Cancer Center,"Tampa, FL 33612",45.5152,122.6784,in_person,Full-time,Estimated $109K - $138K a year,7/10/2023 15:10,https://www.indeed.com/rc/clk?jk=90dd82a84480e2fc&fccid=28ce112590363228&vjs=3
bc23f0ec617018d2,Data Scientist- (on site),Cognizant Technology Solutions,"Plainsboro, NJ 08536",45.5152,122.6784,in_person,Full-time,Estimated $113K - $142K a year,7/10/2023 15:10,https://www.indeed.com/pagead/clk?mo=r&ad=-6NYlbfkN0CtvmMS2gh6TFcPtfg_dSoYlEhoKWvWvhdJKzal6LE4pcAtPAqzcHUim0CDUuM_kXENJIpfOIbp_ppErac3CBa6n2dHixPC2YlzwFNGpMOIrekOCudjBxV-6_dR3w4bT7Z9aWpuY6zCNq77_g_KStskqPjgWgI7aD2nMhkokfAYeScRjO_cEqHn1PD6zTwwP71Rs9oGNnO5lCsHNmL7hrk05oi1_mD5N8IDZwH6giPBIhhp_Oeu80bXwmRUk4a_Q-ZcnTzjJg3H6ypQX0uFEMBVlxbHWvoN2TVSoLhPLPbEGwSUw0Uh9Xsxh7RSPpEruAPmVv_THy2ANWvGYR8teYdauF2HcpzDQvjpjDWFdBjL6L7vNrVhmZ7qGViHd_EKOvvFdi1bdkcXIaiU3D1GU2YA8fWk2lkDE3xobL9AyO4NWPap-Ywj03O_CeNFZVfrFO7tpCJoWa9EfrGrKLm4J3N5Z6ReAnYOuum4W8vAo6d2nFSCy9uQknyNigpeklemTOjNCllHyd54_6tHl_abxZ3Y&xkcb=SoDW-_M3NgzZC2wlRp0IbzkdCdPP&p=1&fvj=0&vjs=3
139dfe6a116a70e9,Sr. Data Analyst,BioCare,"Dallas, TX",45.5152,122.6784,in_person,Full-time,"$100,000 - $130,000 a year",7/10/2023 15:10,https://www.indeed.com/company/BioCare/jobs/Senior-Data-Analyst-139dfe6a116a70e9?fccid=71b2a7eacc0e3a8d&vjs=3
47dc010954dbacad,Data Scientist Advisor,FedEx Services,"Collierville, TN",40.5152,112.6784,in_person,,Estimated $113K - $143K a year,7/10/2023 15:10,https://www.indeed.com/rc/clk?jk=47dc010954dbacad&fccid=2ae04b97d8829e58&vjs=3
0800f4e2655da831,Data Scientist,Samsung Austin Semiconductor,"Austin, TX",40.5152,112.6784,in_person,,Estimated $122K - $154K a year,7/10/2023 15:10,https://www.indeed.com/rc/clk?jk=0800f4e2655da831&fccid=ca38f55c8ebdf9ce&vjs=3
76d60cf6f7b140dd,"Data Scientist, Data Product",Syracuse University,"Syracuse, NY",40.5152,112.6784,in_person,Full-time,Estimated $67.6K - $85.6K a year,7/10/2023 15:10,https://www.indeed.com/rc/clk?jk=76d60cf6f7b140dd&fccid=68842b7a56bf8263&vjs=3
eccc2cd2ec263bd8,"Engineer, Data",Ayar Labs,"San Jose, CA",40.5152,112.6784,in_person,,"$115,000 - $142,000 a year",7/10/2023 15:10,https://www.indeed.com/rc/clk?jk=eccc2cd2ec263bd8&fccid=0bdcde29f281d9fc&vjs=3
24bc1590b955d27a,Senior Data Analyst,S & C Electric Company,"Chicago, IL",40.5152,112.6784,in_person,Full-time,Estimated $94.7K - $120K a year,7/10/2023 15:10,https://www.indeed.com/rc/clk?jk=24bc1590b955d27a&fccid=c46f6d7c1c11b49a&vjs=3
614b372feb08e6fe,AI Software Engineer,Celonis SE,"New York, NY 10001 
(Chelsea area)",40.5152,112.6784,in_person,Full-time,Estimated $110K - $139K a year,7/10/2023 15:10,https://www.indeed.com/rc/clk?jk=614b372feb08e6fe&fccid=e4a5e7f93e374233&vjs=3
f3a95036e4e1d0d3,Lead Data Science Analyst (multiple openings) - IHM,Discover Financial Services,"Riverwoods, IL 60015",40.5152,112.6784,in_person,Full-time,Estimated $102K - $129K a year,7/10/2023 15:10,https://www.indeed.com/rc/clk?jk=f3a95036e4e1d0d3&fccid=6ce7e0d9f67a9961&vjs=3
2a4111f9e8ecb0aa,Principal Data Scientist,Lucid Technologies Inc,"Raleigh, NC",40.5152,112.6784,in_person,,Estimated $166K - $211K a year,7/10/2023 15:10,https://www.indeed.com/rc/clk?jk=2a4111f9e8ecb0aa&fccid=22ca117445481ff3&vjs=3
de24887716612f8b,Senior Data Scientist Department of Veterans Affairs,Vancro Incorporated,"East Orange, NJ 07018",40.5152,112.6784,in_person,Full-time,"$125,000 - $175,000 a year",7/10/2023 15:10,https://www.indeed.com/rc/clk?jk=de24887716612f8b&fccid=7aac6477451afacb&vjs=3
6c86f118a6ecafda,Senior Health Care Analyst - Data Scientist,Emergent Holdings,"Detroit, MI 48243 
(Downtown area)",45.5152,122.6784,in_person,Full-time,,7/10/2023 15:10,https://www.indeed.com/rc/clk?jk=6c86f118a6ecafda&fccid=e5923f1ff867da37&vjs=3
d3d7516a33d5bb07,Data Product Owner,"Caresoft Global Technologies, Inc","Livonia, MI 48150",45.5152,122.6784,in_person,Full-time,,7/10/2023 15:10,"https://www.indeed.com/company/Caresoft-Global-Technologies,-Inc/jobs/Product-Owner-d3d7516a33d5bb07?fccid=ba28a1253153a7df&vjs=3"
bf15aaa4214e1b21,Senior Data Engineer & Scientist,Advanced Business Analytics,"Dearborn, MI 48126 
(Henry Ford area)",45.5152,122.6784,in_person,,,7/10/2023 15:11,https://www.indeed.com/rc/clk?jk=bf15aaa4214e1b21&fccid=42bdeda206d546a4&vjs=3
d777d45e4635a015,"Lead Data Scientist, Customer Experience Intelligence",Home Depot / THD,"Atlanta, GA 30301",45.5152,122.6784,in_person,,"$240,000 a year",7/10/2023 15:11,https://www.indeed.com/rc/clk?jk=d777d45e4635a015&fccid=82e58e9861d48566&vjs=3
d7718a2a2358ab30,STATISTICIAN,Mobile County Public Schools,"Mobile County, AL",45.5152,122.6784,in_person,,"$39,974 a year",7/10/2023 15:11,https://www.indeed.com/rc/clk?jk=d7718a2a2358ab30&fccid=a34675bb414fef29&vjs=3
cefc0eda534768dd,Senior Staff AI Engineer,Amplitude,"San Francisco, CA",45.5152,122.6784,in_person,,Estimated $208K - $263K a year,7/10/2023 15:11,https://www.indeed.com/rc/clk?jk=cefc0eda534768dd&fccid=a96b807d1679ef13&vjs=3
8124435aafbf6013,"Dir, PLADS Data Science","Aflac, Incorporated","Farmington, CT 06032",45.5152,122.6784,in_person,,"$92,000 - $213,000 a year",7/10/2023 15:11,https://www.indeed.com/rc/clk?jk=8124435aafbf6013&fccid=8e5dab8caa064d1b&vjs=3
6b0e948608a1509b,"Engineering Data Scientist, AI Fairness, 5+ years of Experience",Snapchat,"Los Angeles, CA 90291 
(Venice area)",45.5152,122.6784,in_person,Full-time,"$174,000 - $251,000 a year",7/10/2023 15:11,https://www.indeed.com/rc/clk?jk=6b0e948608a1509b&fccid=f368300325e8e8bc&vjs=3
3512460d028d182d,Senior Data Analyst,University of South Carolina,"Richland, SC",40.5152,112.6784,in_person,Full-time,"$83,078 - $85,000 a year",7/10/2023 15:11,https://www.indeed.com/rc/clk?jk=3512460d028d182d&fccid=81f582fe27653afa&vjs=3
6cbf355d5eee7e02,Natural Language Processing and Data Scientist,University of Maryland,"College Park, MD 20742",40.5152,112.6784,in_person,"Full-time
+1",Estimated $101K - $127K a year,7/10/2023 15:11,https://www.indeed.com/rc/clk?jk=6cbf355d5eee7e02&fccid=fd1f6255717cee80&vjs=3
ac46a2ed2434d4a0,Senior Data Analyst,Do it Best Corp.,"Fort Wayne, IN 46803 
(East Side area)",40.5152,112.6784,in_person,,Estimated $70.2K - $88.8K a year,7/10/2023 15:11,https://www.indeed.com/rc/clk?jk=ac46a2ed2434d4a0&fccid=9ec6d7b6f2496704&vjs=3
5af2911fa9bb895f,Sr Industrial Data Analyst,Bunge,"Morristown, IN 46161",40.5152,112.6784,in_person,,Estimated $84.8K - $107K a year,7/10/2023 15:11,https://www.indeed.com/rc/clk?jk=5af2911fa9bb895f&fccid=894ee0a88fc215e2&vjs=3
d26e1ccc3faf302b,Data Scientist IV,Buchanan & Edwards,"Redstone Arsenal, AL",40.5152,112.6784,in_person,Full-time,Estimated $136K - $173K a year,7/10/2023 15:11,https://www.indeed.com/company/Buchanan-&-Edwards/jobs/Data-Scientist-d26e1ccc3faf302b?fccid=ede552e94c87091b&vjs=3
b0318c1f00bdadee,Senior GCP Data Engineer,Cognizant Technology Solutions,"Austin, TX 73301 
(St Edwards area)",45.5152,122.6784,in_person,Full-time,Estimated $120K - $151K a year,7/10/2023 15:11,https://www.indeed.com/pagead/clk?mo=r&ad=-6NYlbfkN0CtvmMS2gh6TFcPtfg_dSoYlEhoKWvWvhdJKzal6LE4pcAtPAqzcHUim0CDUuM_kXENJIpfOIbp_lWIUIoQMVz1o30QAe_V64HDYTcKoaN5AoEnbrKmkFDTs4lB5Coo1pUJD2tYsjwQF0H-8JkDfzMSuVLhslSg8bjyj9VU4qZuWkw-HY0Amz-9iqX-ihFa5A7IvXhIV44AJ-cruxKjR6IdvhAeM_4ADMn3kYmhptk8cAKGuRMRW9tmpLtCvlfgRxjyLxmdmw89lHqvqk53HzcDGXmBjNybDteCdEvgLUYsVhXM6FBqBGgQs9Y0G4zfyhLqvUEebkujxNItznOu-2QFCuDEWaQh7FwRVQuEXBNSvnAD7cIXnChQYF8tWJE-8NwqmHtTU0RjgPnHGSUcDetbkwD-DsYDNWWFFQFvtOfTvC0bE4I6kmImAjFsehDwgdWibAj0pkVqY6TR9RDo4uZq7vx75pi8Y7Vm4wNt6NUkRd0zv4CejCSVUylj9a8emU5Ld0_tNqUGB2IPxHx3wvLc&xkcb=SoBf-_M3Ngzv7R2NtZ0ObzkdCdPP&p=5&fvj=0&vjs=3
6190a2939502e3f7,Senior Data Engineer [USA- Remote],AURA TECHNOLOGIES LLC.,North Carolina,45.5152,122.6784,in_person,Full-time,Estimated $107K - $135K a year,7/10/2023 15:11,https://www.indeed.com/rc/clk?jk=6190a2939502e3f7&fccid=74fe06c6cbaef3fb&vjs=3
1f77494a7626173c,"AIML - Machine Learning Research Scientist, Health AI",Apple,"Seattle, WA",45.5152,122.6784,in_person,Full-time,,7/10/2023 15:11,https://www.indeed.com/rc/clk?jk=1f77494a7626173c&fccid=c1099851e9794854&vjs=3
f3d903954a31bdc2,"AIML - Search Analytics Data Science Manager, AIML Data",Apple,"Seattle, WA",45.5152,122.6784,in_person,Full-time,,7/10/2023 15:11,https://www.indeed.com/rc/clk?jk=f3d903954a31bdc2&fccid=c1099851e9794854&vjs=3
d58a6bbfce9ffc9d,Statistical Genetic Analyst,,"Nashville, TN",45.5152,122.6784,in_person,,Estimated $81.9K - $104K a year,7/10/2023 15:12,https://www.indeed.com/rc/clk?jk=d58a6bbfce9ffc9d&fccid=dd616958bd9ddc12&vjs=3
e1995ffc050553ab,"Sr. Data Scientist- Risk Modeler, AVP - Hybrid",Citi,"Elk Grove Village, IL 60007",45.5152,122.6784,in_person,Full-time,"$93,200 - $139,800 a year",7/10/2023 15:12,https://www.indeed.com/pagead/clk?mo=r&ad=-6NYlbfkN0B7UYL49yWBrrOlEWIsfJu1HwdoffaEv3MPqVgUrdyA2vyUhwRQxxQhnvVEbc3jbaFPIdPXqxqP6G6bF2tCiQ9q4Tc8E7IazzUdJiI1hA_PgqHWuUmSJskZaSPp53j70eTqfBAkyhRCxX-SFaUCnfWSVAa-DvtGAyQUNCgz-s2WwkHKMmwpAPr1s7ksfRc3rAJbUj7tDXyyYFwrzWsoJJJHF_OIQYwlZ70jsX8RGYDS-zY_PmGMGQSsRlTA4foP56oyUdBM8HTzi5NADi4ZMm2UTRX5ois0CAeoExwIsRBaiNKSCrHOcyFm26BltPnd7znKt__O5wyt8xdKk9n93HVyb7r7vGLb06FmyhddtDMc2017-twT4ogEHDJynDrqBZCNk_6kiCcvlirb8IBgptx70RWXYW6SQvSAetQJWnK-LhsSBaMwFGE_MK6GNVg7q_lcE8WhY7PdTH2UkR3yeXdM&xkcb=SoC2-_M3Ngzv7R2NtZ0BbzkdCdPP&p=10&fvj=0&vjs=3
24ebe062eb7fa2d1,Data Infrastructure Engineer for Machine Learning,Apple,"Cupertino, CA",45.5152,122.6784,in_person,,,7/10/2023 15:12,https://www.indeed.com/rc/clk?jk=24ebe062eb7fa2d1&fccid=c1099851e9794854&vjs=3
856405b20cd9a8fc,Software Developer â€“ Machine Learning,Science and Technology Corporation,"Edgewood, MD",45.5152,122.6784,in_person,Full-time,"$65,000 - $77,000 a year",7/10/2023 15:12,https://www.indeed.com/company/Science-and-Technology-Corporation/jobs/Software-Engineer-856405b20cd9a8fc?fccid=53fdee41da51129a&vjs=3
4464c80964e84ff8,SAS Programmer and Statistical,Clinpharma Clinical Research LLC,"Princeton, NJ",45.5152,122.6784,in_person,"Full-time
+1","$60,000 - $70,000 a year",7/10/2023 15:12,https://www.indeed.com/company/Clinpharma-clinical-research-llc/jobs/SAS-Programmer-4464c80964e84ff8?fccid=69fe298ff1237d50&vjs=3
c2e1a2bfb804c394,Sr. Data Analyst - Credit,SPECTRUM,"Stamford, CT 06901 
(Downtown area)",45.5152,122.6784,in_person,,,7/10/2023 15:12,https://www.indeed.com/pagead/clk?mo=r&ad=-6NYlbfkN0CeXNZYxOzgf11O9-TFJft4I5QLQjKTqoL33Rtx55G7TkbyUQpQPSbB-YX0T_rPOtjPiCB5KDUUAd-V6Ss70Sth4x5CMr3_tZS9iqMyuWwObMOTOqW4ISldlgcQd2mXFiC3Ooxb1mOnWhgIJW-jMqV6orh4QZMa-PZ4I3AnAbsMfUWi7cAq7BgK9_LcZ8xYeG8d51HIdBFWvs5bldr6xfEfbudCwibSJ8mPZg7qyDz-DEhjIM0u1RKHSDIPobCUdkXioVB4Tp3tAxp-BFtVS4jYZbBGtGPN4oH3JnpCCGIoKLJ9YJcSHVdGZylMbJoB10nhKAMXEMFwY16O27ImdcjGS3pVw9t7vpI3IitqBGOqq47Q39S7kLEA5eF3xt-5V9GAH5vfq4_Us1db7RDhBng8D04TD45hq5XSa-gw8BKvJ6mMmezcjSJEKb8-ocSpddqpVTKYOde22A==&xkcb=SoAA-_M3NgzpoUzA4R0LbzkdCdPP&p=0&fvj=0&vjs=3
c49f6c799d5ac831,Senior Decision Science Manager,MCKESSON,"Richmond, VA 23218 
(City Center area)",40.5152,112.6784,in_person,,"$99,500 - $165,800 a year",7/10/2023 15:12,https://www.indeed.com/pagead/clk?mo=r&ad=-6NYlbfkN0C6D6WZThmbXjRUxhEpMiiw4VuykEGX0bEYTY4zUG8M1fYj2PzNgtnnI80VJkO9t5KdKcb49p9gn0Cob3AezRJ9F7RUpDL4Ddjew_xPiRrsgz_qOZj-ip3ese9I22RuU4OtjznR5s66PRjizf8lXFibMb-nq4sm3dh50uoQ6uodnxqnRB3ATc-HnuUV427Dj7NCSEKcPdX5kadUXuAXWyswUg1NsED5CtAyfCj3_Usyo2Oqm-f8NYmw3iheZIItqw6oKD3e_bBuqRsclGoCpTTwoIKIRCMMPukvpOeXyk4H4gwZq6afESC2Y6ekkz_amHvD4gc_ltkXdGAh1qEFWETc7Jf1kZVGnOlfe7R3sDW6aHrCQS4-xiqv_pZDL-eZQ2XKa_uSAkc8TuoPj6mIcGMF32BsS5vnQBMLXjDywO7q0pANjNDUwTV2LFb3FjJVs5D1RPFGtBVwuhA0PV4rDrtZNe5BUR3e_xU=&xkcb=SoC0-_M3NgzpoUzA4R0KbzkdCdPP&p=1&fvj=0&vjs=3
f92e4c62bfafa4d1,Data Analytics and ML Developer,W3Global Inc,"Syracuse, NY",40.5152,112.6784,in_person,"Full-time
+1",Estimated $85.3K - $108K a year,7/10/2023 15:12,https://www.indeed.com/pagead/clk?mo=r&ad=-6NYlbfkN0DQr0I1mkHTYCHIQl-Z2q2GFo8_WIakD9g7JG9Jpso0F1szWHTNQT333qdHOIIMC5X43n-xOw8EhS12uqx9830MajX8i4-_SOBRDnLQIuodQPskhM6YXQlxSMtREe8XKUVQ-lDuJB7gB1_VoNAcmEKRXrCAmvp_43VbplX8y6EDoCVdSUsLyO6ZsIpepbm5KvvdbZC9XoDmzuO4mQvc5c55Df4NPjRXlVgip5fxAUjZiuNTW4pKsdZoXZh-6VMJ-mtuTvnIwPvTaDZNXpxiSvVhl-k-HjTwDaZfmIJT-VueUDoLHH4BiEF2pJ31ZkYiOzjC4ZlYoytC6TI7op_EqiMhySN4bF0LklaTKQVod-KYXxqDZ0yqN_czGg6ANGDuTNRIQDUa_I1PrzFklozJ3X7Sn1Wyreuls3OFetusKx5zjiBnJqF6u5aEoYvvHVIzIqKC7v1w-ZvcR1juB-wKLNHjTsH4r_1LyYlxWwl3o1x9pdRR8uiXhJaz_za6KA_sKNS3wNEoe0MoJ8U-xcjBSG5xHLskDtLuCYC4Hpn9-f_-2ggtqtBwkzrVmcoq_LRhtYgNQHVXJNvFNFSFh-YPvGL9_UN-bj1WiUlt02NQ9y9LbwQVf_LQhNC4Nav6UFDiaVikkgJbyzLSeA==&xkcb=SoAp-_M3NgzpoUzA4R0JbzkdCdPP&p=2&fvj=0&vjs=3
7ab13e86f7a1323f,Data Scientist,ManTech International Corporation,"San Diego, CA",40.5152,112.6784,in_person,Full-time,"$46,000 - $76,107 a year",7/10/2023 15:12,https://www.indeed.com/rc/clk?jk=7ab13e86f7a1323f&fccid=578fa8376f4eec04&vjs=3
ed7911556a34eb99,DBI - Sr. Data Science Analyst (Non-Civil Service),"City of Dallas, TX","Dallas, TX",40.5152,112.6784,in_person,Full-time,"$70,081 - $87,601 a year",7/10/2023 15:12,https://www.indeed.com/rc/clk?jk=ed7911556a34eb99&fccid=63dc47ddbc3a4e7d&vjs=3
b468d08bf0be86de,Compiler Engineer - Deep Learning,NVIDIA,"Santa Clara, CA",40.5152,112.6784,in_person,Full-time,"$116,000 - $224,250 a year",7/10/2023 15:12,https://www.indeed.com/rc/clk?jk=b468d08bf0be86de&fccid=c267f29f0f85e8b8&vjs=3
a182b319d7d57b36,Computational Support for Machine Learning and Transformers,Apple,"Cupertino, CA",40.5152,112.6784,in_person,Full-time,,7/10/2023 15:12,https://www.indeed.com/rc/clk?jk=a182b319d7d57b36&fccid=c1099851e9794854&vjs=3
b7557e8a3beb20e3,Data Validation Scientist-Chemist III (Part Time-Virtual),Environmental Data Validation,"Pittsburgh, PA 15221 
(Point Breeze area)",40.5152,112.6784,in_person,Part-time,,7/10/2023 15:12,https://www.indeed.com/rc/clk?jk=b7557e8a3beb20e3&fccid=4155d8fe30381239&vjs=3
302e6f7ee7700abb,Corporate Actuarial - Associate Data Scientist,The Hanover Insurance Group,"Worcester, MA",40.5152,112.6784,in_person,Full-time,,7/10/2023 15:12,https://www.indeed.com/rc/clk?jk=302e6f7ee7700abb&fccid=586c8a8a205f16bb&vjs=3
564d7af2a0a3a06b,"Senior Software Engineer, Machine Learning, Commerce",Google,"New York, NY 
(Chelsea area)",40.5152,112.6784,in_person,Full-time,,7/10/2023 15:12,https://www.indeed.com/rc/clk?jk=564d7af2a0a3a06b&fccid=a5b4499d9e91a5c6&vjs=3
6ccc7357e0a693b5,Senior Engineer-Machine Learning,Beacon Hill Staffing Group,"Wilmington, DE",40.5152,112.6784,in_person,Full-time,Estimated $88K - $111K a year,7/10/2023 15:12,https://www.indeed.com/pagead/clk?mo=r&ad=-6NYlbfkN0AEoGMyuqqa4fuJ8ioA0yHILhRJp52EdX7fBgN-aGi6iG_TwnhJPFa0zxjN1Pim6CrdZVvi1IUnhx9Zpz7Teh6AU20sR5xHOwrChndn4EMBW9UtuDB_rdF_cglir32CeHQUPv9Zno3dQXupodixJWgaOymX4-_P5qrmJoH4WNxkjpDmkrANWvGwjYVrobHNhcNW09S3B7OBDFKON8xjTba6DH1UsPZjCQETfrNtrP53eCiiw9ZfAQqbmQxTEy4V3FA6ktBhR94HGddxPPEssZF-IUGwqT69HaghZmf5TUny_2LdfKaVKYoNtsXMlsPnRJMFJknQYmyzsRt3qzy2AKTkp5ksbXzW1VEU-yUa4_rziGccfy9-7dSDbFRvAKLpyX0Jmk5g16AB1CwBtH3FECKH2WRwrYx4tNEI68FXaEyRCP62X0srI_ludjnPuWH8b15TwnUkX4DYit6-Gpz02VR8M0fGxd-QEsLGD-eKGHhRUuyX7mKZCTvVbf1-66j4Fp4hJJvvPqg8XFd77a6EIBMWQZtHouiRKDF3I1tgizp0vLkFNuP4oidDYuTnt9dCddC9Bdz1Dpyx7v2_yXJZRK7E&xkcb=SoDA-_M3NgzpoUzA4R0GbzkdCdPP&p=13&fvj=0&vjs=3
719849000d56b7f1,SENIOR DATA ANALYST (1823 - Sr. Administrative Analyst) SF Rent Board,City and County of San Francisco,"San Francisco, CA 94103 
(Mission area)",37.5152,92.6784,in_person,Full-time,"$113,386 - $137,800 a year",7/10/2023 15:12,https://www.indeed.com/rc/clk?jk=719849000d56b7f1&fccid=a411072d5a46f13f&vjs=3
83a48bb07651ad20,Statistician Investigator,University of North Carolina at Chapel Hill,"Chapel Hill, NC 27599",37.5152,92.6784,in_person,Full-time,"$55,100 - $90,000 a year",7/10/2023 15:12,https://www.indeed.com/rc/clk?jk=83a48bb07651ad20&fccid=9a199e21f9f95369&vjs=3
b86e9c7dbd763e0c,Mathematical Statistician,Centers for Disease Control and Prevention,"Atlanta, GA 30333",37.5152,92.6784,in_person,Full-time,"$122,907 - $159,776 a year",7/10/2023 15:13,https://www.indeed.com/rc/clk?jk=b86e9c7dbd763e0c&fccid=3e901f592b439cea&vjs=3
6a0918c5477fc720,Health Statistician,US Defense Health Agency,"San Antonio, TX",37.5152,92.6784,in_person,Full-time,"$117,891 - $172,075 a year",7/10/2023 15:13,https://www.indeed.com/rc/clk?jk=6a0918c5477fc720&fccid=d2a40b4d427b92bd&vjs=3
7ffafbd4a23accbf,"Sr. Data Analyst, Clinical Analytics",DAVITA,"Denver, CO 80202 
(Union Station area)",37.5152,92.6784,in_person,Full-time,"$56,500 - $83,000 a year",7/10/2023 15:13,https://www.indeed.com/rc/clk?jk=7ffafbd4a23accbf&fccid=4591d24972ae8f6f&vjs=3
8fb300c22ea342c6,Senior Data Engineer / ETL - TS/SCI Required,Deloitte,"Rosslyn, VA",37.5152,92.6784,in_person,Full-time,Estimated $110K - $139K a year,7/10/2023 15:13,https://www.indeed.com/rc/clk?jk=8fb300c22ea342c6&fccid=9e215d88a6b33622&vjs=3
4a8d140ab223d820,Software Engineer (AI),Leidos,"Fort Gordon, GA 30905",37.5152,92.6784,in_person,Full-time,"$78,000 - $162,000 a year",7/10/2023 15:13,https://www.indeed.com/rc/clk?jk=4a8d140ab223d820&fccid=8765a4045377753a&vjs=3
903dc02708f00f07,Wage and Hour Statistician II,Jackson Lewis,"Sacramento, CA",37.5152,92.6784,in_person,Full-time,Estimated $78.9K - $99.9K a year,7/10/2023 15:13,https://www.indeed.com/rc/clk?jk=903dc02708f00f07&fccid=e54290448239033c&vjs=3
fc2322084f5c7c0b,"Natural Language Generation, Research Engineer, Input Experience",Apple,"Cupertino, CA",37.5152,92.6784,in_person,Full-time,,7/10/2023 15:13,https://www.indeed.com/rc/clk?jk=fc2322084f5c7c0b&fccid=c1099851e9794854&vjs=3
d33d5f47a7bd82b0,Statistician 2,Commonwealth of PA,"Dauphin County, PA",37.5152,92.6784,in_person,Full-time,"$54,181 - $82,387 a year",7/10/2023 15:13,https://www.indeed.com/rc/clk?jk=d33d5f47a7bd82b0&fccid=9dbdbdd69e554e30&vjs=3
e4025952e8e1d53d,Senior Manager - Data Science (Real World Evidence),Novo Nordisk,"Plainsboro, NJ 08536",37.5152,92.6784,in_person,,Estimated $125K - $158K a year,7/10/2023 15:13,https://www.indeed.com/rc/clk?jk=e4025952e8e1d53d&fccid=0ee07a80a4e05d45&vjs=3
0b31b6e23b22e57f,"Sr Manager, Data Science and e-Business Marketing",Thermo Fisher Scientific,"Pittsburgh, PA 15205",37.5152,92.6784,in_person,Full-time,Estimated $105K - $133K a year,7/10/2023 15:13,https://www.indeed.com/rc/clk?jk=0b31b6e23b22e57f&fccid=126e3afd205caa95&vjs=3
6c127d69cf570060,Machine Learning Engineer,University of Maryland,"College Park, MD 20742",37.5152,92.6784,in_person,"Full-time
+1",Estimated $95K - $120K a year,7/10/2023 15:13,https://www.indeed.com/rc/clk?jk=6c127d69cf570060&fccid=fd1f6255717cee80&vjs=3
7f52f842461d8895,Data Science Manager Senior,FIS,"Jacksonville, FL 32235 
(Spring Park area)",37.5152,92.6784,in_person,Full-time,Estimated $122K - $155K a year,7/10/2023 15:13,https://www.indeed.com/pagead/clk?mo=r&ad=-6NYlbfkN0Cildmy3xp5DDe1hey2wetZ8Im9iLhFVTD2n6CnBp0IwL17e_-VYaGlCbrsHTN6d92lNdMW-WH0742MoR1cB5Irk6twFRrPpuitGl5l-eRSBsb2OtmvM3KeMconHmHq_BrjkxqYRKGTwhF2OZA3Y9qW6WOGeoccTeY3RtwuiPGvkrSqeYBSF7tbwQPYqNpEB5geP1jTjpRiQEB-DgSEHUvdcW43XvGp27iHXEEld-2lamu5ULFY_7BapHNirmrwTUmA3y9nHE4iicXY39cqC9lUL7PNqgNH7Ui6Vty7DnlkkFF3hWcGMrWKDTky_vfpQyywDWytQoCXaMiMktc-wx5IXa-8lri7WrEsVAdBvycEiHrtP8o8_a8_8a2LJ9ha2L_TYWeuaCYDJcVPQ2SnCmXxrWLujow5wH5Vs9HE4fZxF-iBPEWqCdYPUPLMcWRktnkynKNt-SPAUgmv2d4CspYF&xkcb=SoAK-_M3NgzhiRTA4R0LbzkdCdPP&p=0&fvj=0&vjs=3
4441fd009a9dd957,"Software Engineer, AI/ML (Artificial Intelligence/Machine Learning)",Kubota Tractor Corp,"Fort Worth, TX",37.5152,92.6784,in_person,,Estimated $113K - $143K a year,7/10/2023 15:13,https://www.indeed.com/rc/clk?jk=4441fd009a9dd957&fccid=dc221189d87334d6&vjs=3
9d425e227adde68b,"AIML - Sr. Software Engineer, Machine Learning Platform & Infrastructure",Apple,"Seattle, WA",37.5152,92.6784,in_person,Full-time,,7/10/2023 15:13,https://www.indeed.com/rc/clk?jk=9d425e227adde68b&fccid=c1099851e9794854&vjs=3
f14e38a062728812,Site Reliability Engineer III - Pricing Reference Data,"JPMorgan Chase Bank, N.A.","Chicago, IL",37.5152,92.6784,in_person,Full-time,,7/10/2023 15:13,https://www.indeed.com/rc/clk?jk=f14e38a062728812&fccid=aaf3b433897ea465&vjs=3
962bddf8c597781f,"Associate Director - Machine Learning, AI, Computational Modeling","UES, Inc.","Dayton, OH 45432",37.5152,92.6784,in_person,,,7/10/2023 15:13,https://www.indeed.com/rc/clk?jk=962bddf8c597781f&fccid=1f5763b48f03cfd9&vjs=3
f20d735962ef3766,Principal Software Engineer - Java / MapReduce / Data Science / ML / AWS,Captivation Software,"Annapolis Junction, MD 20701",37.5152,92.6784,in_person,Full-time,"$125,000 - $250,000 a year",7/10/2023 15:13,https://www.indeed.com/rc/clk?jk=f20d735962ef3766&fccid=97d005ae48dcc9b2&vjs=3
81caef9e5196a940,Director - Data Science Outsourcing,Novo Nordisk,"Lexington, MA",37.5152,92.6784,in_person,,Estimated $185K - $234K a year,7/10/2023 15:13,https://www.indeed.com/rc/clk?jk=81caef9e5196a940&fccid=0ee07a80a4e05d45&vjs=3
16e44f5c11c2c659,A/AI Machine Learning Engineering Manager,Lockheed Martin,"Moorestown, NJ 08057",37.5152,92.6784,in_person,Full-time,,7/10/2023 15:13,https://www.indeed.com/rc/clk?jk=16e44f5c11c2c659&fccid=aeb15e43a6800b9d&vjs=3
c748868cba2ec18a,Computer Vision AI/ML Engineer,Medtronic,"Brooklyn Center, MN",37.5152,92.6784,in_person,,,7/10/2023 15:14,https://www.indeed.com/rc/clk?jk=c748868cba2ec18a&fccid=f06a4d05bf5510ec&vjs=3
7f52f842461d8895,Data Science Manager Senior,FIS,"Jacksonville, FL 32235 
(Spring Park area)",37.5152,92.6784,in_person,Full-time,Estimated $122K - $155K a year,7/10/2023 15:14,https://www.indeed.com/pagead/clk?mo=r&ad=-6NYlbfkN0Cildmy3xp5DDe1hey2wetZ8Im9iLhFVTD2n6CnBp0IwL17e_-VYaGlCbrsHTN6d92lNdMW-WH0742MoR1cB5Irk6twFRrPpuitGl5l-eRSBsb2OtmvM3KeMconHmHq_BrjkxqYRKGTwhF2OZA3Y9qW6WOGeoccTeY3RtwuiPGvkrSqeYBSF7tbwQPYqNpEB5geP1jTjpRiQEB-DgSEHUvdcW43XvGp27iHXEEld-2lamu5ULFY_7BapHNirmrwTUmA3y9nHE4iicXY39cqC9lUL7PNqgNH7Ui6Vty7DnlkkFF3hWcGMrWKDTky_vfpQyywDWytQoCXaMiMktc-wx5IXa-8lri7WrEsVAdBvycEiHrtP8o8_a8_8a2LJ9ha2L_TYWeuaCYDJcVPQ2SnCmXxrWLujow5wH5Vs9HE4fZxF-iBPEWqCdYPUPLMcWRktnkynKNt-SPAUgmv2d4CspYF&xkcb=SoAK-_M3NgzhiRTA4R0LbzkdCdPP&p=0&fvj=0&vjs=3
4441fd009a9dd957,"Software Engineer, AI/ML (Artificial Intelligence/Machine Learning)",Kubota Tractor Corp,"Fort Worth, TX",37.5152,92.6784,in_person,,Estimated $113K - $143K a year,7/10/2023 15:14,https://www.indeed.com/rc/clk?jk=4441fd009a9dd957&fccid=dc221189d87334d6&vjs=3
9d425e227adde68b,"AIML - Sr. Software Engineer, Machine Learning Platform & Infrastructure",Apple,"Seattle, WA",37.5152,92.6784,in_person,Full-time,,7/10/2023 15:14,https://www.indeed.com/rc/clk?jk=9d425e227adde68b&fccid=c1099851e9794854&vjs=3
f14e38a062728812,Site Reliability Engineer III - Pricing Reference Data,"JPMorgan Chase Bank, N.A.","Chicago, IL",37.5152,92.6784,in_person,Full-time,,7/10/2023 15:14,https://www.indeed.com/rc/clk?jk=f14e38a062728812&fccid=aaf3b433897ea465&vjs=3
962bddf8c597781f,"Associate Director - Machine Learning, AI, Computational Modeling","UES, Inc.","Dayton, OH 45432",37.5152,92.6784,in_person,,,7/10/2023 15:14,https://www.indeed.com/rc/clk?jk=962bddf8c597781f&fccid=1f5763b48f03cfd9&vjs=3
f20d735962ef3766,Principal Software Engineer - Java / MapReduce / Data Science / ML / AWS,Captivation Software,"Annapolis Junction, MD 20701",37.5152,92.6784,in_person,Full-time,"$125,000 - $250,000 a year",7/10/2023 15:14,https://www.indeed.com/rc/clk?jk=f20d735962ef3766&fccid=97d005ae48dcc9b2&vjs=3
81caef9e5196a940,Director - Data Science Outsourcing,Novo Nordisk,"Lexington, MA",37.5152,92.6784,in_person,,Estimated $185K - $234K a year,7/10/2023 15:14,https://www.indeed.com/rc/clk?jk=81caef9e5196a940&fccid=0ee07a80a4e05d45&vjs=3
16e44f5c11c2c659,A/AI Machine Learning Engineering Manager,Lockheed Martin,"Moorestown, NJ 08057",37.5152,92.6784,in_person,Full-time,,7/10/2023 15:14,https://www.indeed.com/rc/clk?jk=16e44f5c11c2c659&fccid=aeb15e43a6800b9d&vjs=3
c748868cba2ec18a,Computer Vision AI/ML Engineer,Medtronic,"Brooklyn Center, MN",37.5152,92.6784,in_person,,,7/10/2023 15:14,https://www.indeed.com/rc/clk?jk=c748868cba2ec18a&fccid=f06a4d05bf5510ec&vjs=3
d4ef5d5c544c24e4,Senior Data Scientist - US Businesses,Prudential,"Newark, NJ 07102",37.5152,92.6784,hybrid,,"$94,700 - $156,300 a year",7/10/2023 15:10,https://www.indeed.com/rc/clk?jk=d4ef5d5c544c24e4&fccid=9f38ffb6fcd14039&vjs=3
541733077425ed57,AI Prompt Engineer,Exclusive Organic Solutions,"Weston, FL 33326",37.5152,92.6784,hybrid,"Full-time
+1","$65,000 - $85,000 a year",7/10/2023 15:10,https://www.indeed.com/company/Exclusive-Organic-Solutions/jobs/Engineer-541733077425ed57?fccid=cab1b9860979d0f5&vjs=3
8d484aa5532bea2f,Decision Scientist,Electronic Arts,"Austin, TX 78729",37.5152,92.6784,hybrid,Full-time,"$99,900 - $168,400 a year",7/10/2023 15:10,https://www.indeed.com/rc/clk?jk=8d484aa5532bea2f&fccid=617d7f961cfcf54a&vjs=3
e18e472ec10654fd,"Data Scientist, Mid",Booz Allen Hamilton,"Washington, DC",37.5152,92.6784,hybrid,Full-time,"$73,100 - $166,000 a year",7/10/2023 15:10,https://www.indeed.com/rc/clk?jk=e18e472ec10654fd&fccid=4e041af1d0af1bc8&vjs=3
db1814cddfa7f757,BHJOB15656_20093 - Senior Data Scientist,Myticas Consulting,"Chicago, IL",37.5152,92.6784,hybrid,,Estimated $126K - $160K a year,7/10/2023 15:10,https://www.indeed.com/rc/clk?jk=db1814cddfa7f757&fccid=0f0c4eace106057a&vjs=3
17b7e6f8648680de,Data Science Strategy Leader,Kimberly-Clark,"Chicago, IL",37.5152,92.6784,hybrid,Full-time,Estimated $91.8K - $116K a year,7/10/2023 15:12,https://www.indeed.com/rc/clk?jk=17b7e6f8648680de&fccid=d5e3dc20c284054b&vjs=3
cd9ae7f20c6c807c,"AI Project Analyst, Mid",Booz Allen Hamilton,"Washington, DC",37.5152,92.6784,hybrid,Full-time,"$65,300 - $149,000 a year",7/10/2023 15:12,https://www.indeed.com/rc/clk?jk=cd9ae7f20c6c807c&fccid=4e041af1d0af1bc8&vjs=3
3c7020144e326f3a,"AI and ML Research and Development Technologist, Senior",Booz Allen Hamilton,"Washington, DC",37.5152,92.6784,hybrid,Full-time,"$93,300 - $212,000 a year",7/10/2023 15:13,https://www.indeed.com/rc/clk?jk=3c7020144e326f3a&fccid=4e041af1d0af1bc8&vjs=3
933080dee3637dbf,Senior Director/Director of Statistical Programming & Analysis,Cargo Therapeutics,"San Mateo, CA 94403",37.5152,92.6784,hybrid,Full-time,"$237,600 - $330,000 a year",7/10/2023 15:13,https://www.indeed.com/rc/clk?jk=933080dee3637dbf&fccid=dd616958bd9ddc12&vjs=3
933080dee3637dbf,Senior Director/Director of Statistical Programming & Analysis,Cargo Therapeutics,"San Mateo, CA 94403",37.5152,92.6784,hybrid,Full-time,"$237,600 - $330,000 a year",7/10/2023 15:14,https://www.indeed.com/rc/clk?jk=933080dee3637dbf&fccid=dd616958bd9ddc12&vjs=3
8fa76a75a2adabe3,Lead Data Scientist,Target,"Minneapolis, MN 55403",37.5152,92.6784,remote,,"$124,100 - $223,400 a year",7/10/2023 15:09,https://www.indeed.com/pagead/clk?mo=r&ad=-6NYlbfkN0AgONBeCfCTVljpwzR96jFX3mtyFC--n153CYnqiKkqIQazWgbwzmFLXFLl1AglOmlzuPAwHI-ZxYVtQlee6NfZxfEocHVHKCQ9GhL4gckPY61WHO8LS1yJYb2ebssRvfBVnY5IeB7nkNJlnmItMQgvd81dmZTYPlyfnz9Gp_4UJcR5sOOJUnp9k6QJFO69ii3NeS2-GKpXQTs5D_ysCeNUCANCnombB5H96cOJrygsi3hC9e0F8AcmvvnWpk7ZdS11L58Brx792Ehuu53BM9k-uRMDDB6IxCn2bzKYsK81EN2Q2ZMyaN7v1Cb5ZqrzsD9uBXR_qWndHFibNX2I1-W2tazGfhecyDx0ABx50HbZ8TAF6f_J1kwFCiT9yh2y6YW01SL7BRgscrE47DKAXmCyn3ccVguWXBIPHkJpQscakzn0jZnpsybJJHiuBcv3G2s--MXdcnfw3g==&xkcb=SoBk-_M3NgzbZEzA4R0LbzkdCdPP&p=0&fvj=0&vjs=3
4ce85b280bb2c908,Senior Data Scientist,Artera,"Los Angeles, CA",37.5152,92.6784,remote,,Estimated $128K - $162K a year,7/10/2023 15:09,https://www.indeed.com/rc/clk?jk=4ce85b280bb2c908&fccid=549e8ec12e61cc81&vjs=3
1a1b8d48eed289e0,Data Scientist,Veeco,"San Jose, CA",37.5152,92.6784,remote,,"$78,780 - $111,188 a year",7/10/2023 15:10,https://www.indeed.com/rc/clk?jk=1a1b8d48eed289e0&fccid=0b051c1080005e4c&vjs=3
ec34f3e0a1dacdf3,ESG Jr. Data Management Consultant - Computer Scientist (PT or FT REMOTE),"Montrose Environmental Group, Inc.",Texas,37.5152,92.6784,remote,Full-time,$35 - $38 an hour,7/10/2023 15:11,https://www.indeed.com/rc/clk?jk=ec34f3e0a1dacdf3&fccid=a2e193e7a6dec7dc&vjs=3
8a5f9c58310ec9e9,Data Science Graduate Research Assistant,University of Maryland,"College Park, MD 20742",37.5152,92.6784,remote,Full-time,Estimated $74.4K - $94.2K a year,7/10/2023 15:11,https://www.indeed.com/rc/clk?jk=8a5f9c58310ec9e9&fccid=fd1f6255717cee80&vjs=3
f23d4a0de5c8ad33,"Senior Decision Scientist, Fraud Risk",Afterpay,"San Francisco, CA",37.5152,92.6784,remote,Full-time,,7/10/2023 15:11,https://www.indeed.com/rc/clk?jk=f23d4a0de5c8ad33&fccid=49023dc4dc722a14&vjs=3
43b615e78cfc8793,Senior Risk and Governance Data Analyst,Afterpay,"Atlanta, GA",37.5152,92.6784,remote,Full-time,Estimated $122K - $155K a year,7/10/2023 15:11,https://www.indeed.com/rc/clk?jk=43b615e78cfc8793&fccid=49023dc4dc722a14&vjs=3
b359dc78cffca1be,Senior Healthcare data analyst,Sentara Healthcare,"chmond, VA 23173",37.5152,92.6784,remote,,,7/10/2023 15:11,https://www.indeed.com/rc/clk?jk=b359dc78cffca1be&fccid=d844fa152b5f8ad2&vjs=3
ab20bbe2a20c9bd3,Data Science & Algorithms Engineer,Medtronic,"Fridley, MN 55432",37.5152,92.6784,remote,,,7/10/2023 15:12,https://www.indeed.com/rc/clk?jk=ab20bbe2a20c9bd3&fccid=f06a4d05bf5510ec&vjs=3
1111152cb6586f8c,"Data Scientist II, Cardiology",UT Southwestern,"Dallas, TX 75390",37.5152,92.6784,remote,Full-time,,7/10/2023 15:13,https://www.indeed.com/rc/clk?jk=1111152cb6586f8c&fccid=245cecf5f0560d8c&vjs=3
e3246ab52b92cb4f,Artificial Intelligence (AI) Technical Expert,MetaPhase Consulting,"Washington, DC",37.5152,92.6784,remote,,Estimated $122K - $155K a year,7/10/2023 15:13,https://www.indeed.com/rc/clk?jk=e3246ab52b92cb4f&fccid=7323c276ab971fef&vjs=3
46c0cc0ad4b13df5,AI Systems Engineer,Lockheed Martin,"Shelton, CT 06484",37.5152,92.6784,remote,Full-time,,7/10/2023 15:13,https://www.indeed.com/rc/clk?jk=46c0cc0ad4b13df5&fccid=aeb15e43a6800b9d&vjs=3
a3a4e6105c4e9b73,Artificial Intelligence Practice Leader,DECISION RESOURCES INC.,United States,37.5152,92.6784,remote,Full-time,Estimated $88.5K - $112K a year,7/10/2023 15:14,https://www.indeed.com/rc/clk?jk=a3a4e6105c4e9b73&fccid=8d90e91bc03a41ff&vjs=3
46c0cc0ad4b13df5,AI Systems Engineer,Lockheed Martin,"Shelton, CT 06484",37.5152,92.6784,remote,Full-time,,7/10/2023 15:14,https://www.indeed.com/rc/clk?jk=46c0cc0ad4b13df5&fccid=aeb15e43a6800b9d&vjs=3
a3a4e6105c4e9b73,Artificial Intelligence Practice Leader,DECISION RESOURCES INC.,United States,37.5152,92.6784,remote,Full-time,Estimated $88.5K - $112K a year,7/10/2023 15:14,https://www.indeed.com/rc/clk?jk=a3a4e6105c4e9b73&fccid=8d90e91bc03a41ff&vjs=3
3499480faba0bbcc,Principal Data Scientist-Data Bricks,"Lucid Technologies, Inc.",Remote,,,remote,Contract,Up to $95 an hour,7/10/2023 15:10,https://www.indeed.com/company/Mindzcape-Solutions-Inc/jobs/Principal-Scientist-3499480faba0bbcc?fccid=01e5045f3d97ea77&vjs=3
e1fc69199481f0a9,Data Scientist III,Prudent Technology,Remote,,,remote,Full-time,"$125,000 - $150,000 a year",7/10/2023 15:10,https://www.indeed.com/rc/clk?jk=e1fc69199481f0a9&fccid=ebde02e0fce0f652&vjs=3
b44b777fa229e7c9,Sr. Data Analyst,Intone Networks,Remote,,,remote,Contract,Estimated $103K - $130K a year,7/10/2023 15:10,https://www.indeed.com/rc/clk?jk=b44b777fa229e7c9&fccid=3ed0572c448b2368&vjs=3
b64afa85d7547267,Pixel Machine Learning Engineer,Luxoft,Remote,,,remote,,Estimated $110K - $140K a year,7/10/2023 15:11,https://www.indeed.com/rc/clk?jk=b64afa85d7547267&fccid=4b841d912d46e4fd&vjs=3
57e35b1b10653bf7,Data Science Platform Engineer,"Iodine Software, LLC",Remote,,,remote,Full-time,Estimated $123K - $156K a year,7/10/2023 15:11,https://www.indeed.com/rc/clk?jk=57e35b1b10653bf7&fccid=060474ef1576996b&vjs=3
40b82f6303c05c52,Senior Statistical Analyst,EMC Insurance,Remote,,,remote,Full-time,,7/10/2023 15:12,https://www.indeed.com/rc/clk?jk=40b82f6303c05c52&fccid=1ab6847930ce296b&vjs=3
